outlet_id,Outlet,City,Phone_no,Link,Address,Address_link,num_employee
1,ASHANAGAR, NAVSARI,8238362436,https://www.facebook.com/AjaysAshanagar,"Shop No.1, Super Apartment, Near Ashoka Tower, Sandh Kuwa Gate, Navsari, Gujarat 396445",https://g.page/AjaysAN?share,10
2,LUNSIKUI, NAVSARI,9762002345,https://www.facebook.com/AjaysLunsikui,"Shop No 5., A.B. Vajpai Shopping Complex, Lunsikui, Navsari 396445",https://g.page/AjaysLK?share,9
3,LP SAVANI, SURAT,9512362436,https://www.facebook.com/ajayslpsavani,"Shop No. 8, Mahalaxmi Square, L.P Savani Circle, Adajan, Surat 395009.",https://g.page/AjaysAdajan?share,10
4,VED ROAD, SURAT,7283803803,https://www.facebook.com/AjaysVedRoad,"Shop No. 3, Ground Floor, Pranami Nagar Soc., Opp Reliance Petrol Pump, Ved Rd, Surat 395004",https://g.page/AjaysVedRoad?share,11
5,CITY LIGHT, SURAT,7096212212,https://www.facebook.com/ajayscl,"Shop No. 201, City Light Shopping Centre, City Light Rd, Athwa, Surat, Gujarat 395007",https://g.page/AjaysCityLight?share,10
6,UDHNA, SURAT,6356017017,https://www.facebook.com/ajaysudhana,"Udhna Teen Rasta, Opp Dena Bank, Udhana Main Rd, Udhna, Surat, Gujarat 394210",https://g.page/AjaysUdhna?share,10
7,VESU, SURAT,7621040040,https://www.facebook.com/ajaysvesu,"G-31, VIP Plaza, Near Shyam Baba Mandir, VIP Road, Vesu, Surat, Gujarat 395007",https://g.page/AjaysVesu?share,8
8,CHIKHLI,Chikhli,6356210210,https://www.facebook.com/ajayschikhli,"Chikhli-Vansda Road, Opp Bagladev Temple Thala, Chikhli, Gujarat 396521",https://g.page/AjaysCH?share,8
9,TITHAL ROAD, VALSAD,7621030030,https://www.facebook.com/ajaysvalsad,"Shop No. 3, Siddharth Apts, Tithal Rd, Valsad, Gujarat 396001",https://g.page/AjaysValsad?share,9
10,PANDESARA, SURAT,9510783544,https://www.facebook.com/ajayspandesara,"3/363, Beside Associate Bank, Piyush Point, G.H.B, Pandesara, Surat - 394220",https://g.page/AjaysPandesara?share,10
11,COLLEGE ROAD, VALSAD,7096015015,https://www.facebook.com/ajaysvalsadCR,"Shop No.1. Shreeji Darshan Apartment, Beside M Square Mall, College Rd, Valsad, Gujarat-396001",https://g.page/AjaysValsadCR?share,11
12,GUNJAN, VAPI,9586322311,https://www.facebook.com/AjaysVapiGunjan,"Shop No. 3,  Meera Complex, Opp Thane Janta Sahakari Bank, Gunjan Koparli Road, Vapi, Gujarat 396191",https://g.page/AjaysVapiGunjan?share,12
13,KILLA PARDI, VALSAD,6354709970,https://www.facebook.com/AjaysKillaPardi,"Station Road, Opp. Jyoti Hospital, Kumbharwad, Killa-pardi, Valsad, Gujarat 396125",https://g.page/AjaysKillaPardi?share,11
14,ERU, NAVSARI,7621080080,https://www.facebook.com/AjaysEruCharRasta,"Shop No. 7, A1 Shopping Centre, Opp. GEB, Eru-Char Rasta Rd, Navsari, Gujarat 396445",https://goo.gl/maps/yNQVX2khuRDApmPE7,8
15,VANSDA, NAVSARI,7299551155,https://www.facebook.com/AjaysVansda,"Hanumanbari Circle, Vansda-Saputara Road, Vansda, Gujarat 396580",https://g.page/AjaysVansda?share,12
16,GIDC, ANKLESHWAR,8866509501,https://www.facebook.com/AjaysAklGidc,"G10, Ganesh Plaza, Near, Sardar Patel Cir, GIDC, Ankleshwar, Gujarat 393002",https://g.page/AjaysAklGIDC?share,11
17,SHITAL CIRCLE, BHARUCH,9173188777,https://www.facebook.com/AjaysBharuchShitalCircle,"Shop no. 5, Ganga Complex, Shital Circle, Bholav, Bharuch - 393010",https://g.page/AjaysBharuchSC?share,11
18,KHERGAM, NAVSARI,6356518081,https://www.facebook.com/AjaysKhergam,"A1, Dev Darshan Complex, Opp APMC, Khergam, Dist-Navsari, Gujarat - 396040",https://g.page/AjaysKhergam?share,9
19,DHARAMPUR, VALSAD,9574636075,https://www.facebook.com/AjaysDharampur,"Shop No.2, NM Complex, Valsad Road, Dharampur Chokdi, Dharampur, Valsad, Gujarat - 396050",https://g.page/AjaysDharampur?share,11
20,VYARA, TAPI,9512881622,https://www.facebook.com/AjaysVyara,"Shop No. 8, High School Shopping Centre, Tower Road, Vyara, Gujarat 394650",https://g.page/AjaysVyara?share,10
21,NANI DAMAN, DAMAN,7567755577,https://www.facebook.com/AjaysDaman,"G2, City Centre, Khariwad Main Rd, Opp. Bus Stand, UT of Diu and Daman 396210",https://goo.gl/maps/ZNKNB7X8JDeezVpt6,12
22,PIRAMAN NAKA, ANKLESHWAR,9858208208,https://www.facebook.com/AjaysAklPiramanNaka,"Shop No. 24, Lakdawala Shopping Centre, Opp Taluka Panchayat, Piraman Naka, Ankleshwar, Gujarat 393001",https://g.page/AjaysAklPiramanNaka?share,8
23,KOSAMBA, SURAT,7220041041,https://www.facebook.com/AjaysKosamba,"Shop No. 29, Shraddha Plaza, Tarsadi Road, Near Ambedkar Chowk, Kosamba, Gujarat -394120",https://g.page/AjaysKosamba?share,10
24,BILIMORA, NAVSARI,9998253164,https://www.facebook.com/ajaysbl,"1585, Opp. Labdhi Jewellers, Gohar Baug, Station Road, Bilimora, Gujarat 396321",https://g.page/AjaysBilimora?share,11
25,JAMPORE BEACH, DAMAN,9898756336,https://www.facebook.com/AjaysDamanJamporeBeach,"Jampore Beach, Near Hotel Chinatown, Moti Daman, UT of Diu and Daman 396220",https://goo.gl/maps/1VvE7Qjj3QSR8sed9,12
26,KAMREJ, SURAT,7373739846,https://www.facebook.com/AjaysKamrejCharRasta,"Shop No. 2, Gulabbhai Compound, Kamrej Char Rasta, Near Police Chowki, Kamrej, Gujarat 394185",https://g.page/AjaysKamrejCharRasta?share,8
27,CHALA, VAPI,9998046563,https://www.facebook.com/AjaysVapiChala,"Shop No. 6, Royal Dreams, Vapi-Daman Main road, Chala, Vapi, Gujarat 396191",https://goo.gl/maps/V2qH3qncmAkVUbKf9,11
28,BARDOLI, SURAT,9904651429,https://www.facebook.com/ajaysbardoli,"Shop No 5, Jalaram Shopping Centre, Opposite Jalaram Mandir, Station Road, Bardoli 394601",https://g.page/AjaysBardoli?share,12
29,SAPUTARA, DANG,7574978096,https://www.facebook.com/AjaysSaputara,"D-9, Shopping Center,  Near Lake View, Saputara-Nashik Road, Saputara, Gujarat 394720",https://g.page/AjaysSaputara?share,8
30,NH48 - DHOLAPIPLA, NAVSARI,6353534843,https://www.facebook.com/AjaysDholapiplaNavsari,"Shop No.2, Near Hare Krishna Petrol Pump, Dholapipla, NH48, Amadpore, Navsari, Gujarat 396445",https://g.page/AjaysDholapipla?share,9
31,JADESHWAR, BHARUCH,98791 60284 / 9825587741,https://www.facebook.com/AjaysZadeshwarBharuch,"Shop No. 2, Shreeji Darshan Complex -2, Near Chamunda Mata Mandir, Zadeshwar Road, Bharuch, Gujarat 392011",https://g.page/ajayszadeshwar?share,10
32,SILVASA, DADRA AND NAGAR HAVELI,9327109922,https://www.facebook.com/AjaysSilvassa,"Shop No. 1 Jalaram Complex, Dokmardi Road, Near Yogi Hospital, Silvassa 396230",https://goo.gl/maps/8wZutTda2Ugh8fPq8,12
33,UDWADA, VALSAD,7567755585,https://www.facebook.com/AjaysUdvada,"Bhagvati colony, Next to Ashok Electronics, Nr. Udwada Railway Station, Udwada (West), GJ - 396185",https://g.page/AjaysUdvada?share,8
34,VAPI TOWN, VAPI,9173575351,https://www.facebook.com/AjaysVapiTown,"Shop No. 11, Opposite Gokul Market, Station Road Vapi, Gujarat - 396191",https://g.page/AjaysVapiTown?share,11
35,UMARGAM, VALSAD,6354181145,https://www.facebook.com/AjaysUmargam,"Shop No 8, Balaji Shopping, Village Solsumba, Station Road, Umergam, Gujarat 396165",https://g.page/AjaysUmargam?share,12
36,SUDAMA CHOWK, SURAT,9033752237,https://www.facebook.com/AjaysSudamaChowk,"G59, Tulsi Arcade, Sudama Chowk, Mota Varachha, Surat, Gujarat 394107",https://goo.gl/maps/Wcg2brC4Rs3GLmja6,12
37,SACHIN, SURAT,8866513124,https://www.facebook.com/AjaysTakeawayFoodSachin,"Shop No. 04, Shree Darshan Complex, Station Road, Sachin, Surat, Gujarat 394230.",https://goo.gl/maps/QC9UJNpytKqibBUAA,10
38,JAHANGIRABAD, SURAT,8780852226,https://www.facebook.com/AjaysJahangirabad,"A-9, Rajshree shoppers, Opp Vaishnodevi heights, Canal road, Jahangirabad, Jahangirpura, Surat, Gujarat 395005",https://goo.gl/maps/BbwWMTBBPVk63HU99,9
39,BHILAD, VALSAD,8128203401,https://www.facebook.com/AjaysJahangirabad,"Shop No. 4, Krishna Complex, Bhilad-Sarigam Road, Opp Shiv Temple, Sarigam, Gujarat 396155",https://goo.gl/maps/X6gL2R7YUjwaUXPAA,10
40,DUNGRA, VAPI,9825091249,https://www.facebook.com/AjaysDungraVapi,"Shop No. 14, Pearl Avenue, Near Dadra Check Post, Dungra, Vapi, Gujarat 396193",https://goo.gl/maps/w6namhfrC53QpPUf8,9
41,NAROLI ROAD, SILVASA,9909894433,https://www.facebook.com/AjaysNaroliRoad/,"Shop No.A-1, Pramukh Vihar, Naroli Road, Silvasa, Gujarat 396230",https://goo.gl/maps/CyQPeEfnjztYcgs27,12
42,NARMADA, BHARUCH,7990076725,https://www.facebook.com/AjaysNarmada,"G-26, Shivalik heights, Opposite Narmada College, Tavra Rd, Zadeshwar, Bharuch, Gujarat 392011",https://goo.gl/maps/NGVSy8dUi3JdM1X5A,10
43,OLPAD, SURAT,9913565100,https://www.facebook.com/AjaysOlpad/,"G-10, Centre point, Opp Shak Bhaji Market, Olpad, Surat, Gujarat 394540",https://goo.gl/maps/EWgcuToUqZ9aVjXq5,11
44,KOSAMDI, ANKLESHWAR,7623012136,https://www.facebook.com/AjaysKosamdi/,"Shop No. 14, Gayatri Chamber, Valia Road, Kosamdi, Ankleshwar, Gujarat 393001",https://goo.gl/maps/Fx34rZfu3aVoaXpi7 ,12
45,KATARGAM, SURAT,9023877169,https://www.facebook.com/AjaysKatargam/,"Shop No.27, Avalon Business Hub, Patidar Samaj Hall Rd, Near Patidar Samaj Vadi, Katargam, Surat, Gujarat 395004",https://g.page/AjaysKatargam?share ,10
46,NANA PONDHA, VALSAD,7201852237,https://www.facebook.com/search/top?q=Ajay%27s%20Nana%20Pondha,"Shop No. 35-1-A , Sureshbhai Building, Opp. District Co-Op Bank, Nanapondha, Gujarat 396126",https://goo.gl/maps/EPyRxHpMj5qCXoDg6 ,9
47,SAYAN, SURAT,9662433033,https://www.facebook.com/Ajays-Sayan-102108341972901,"Shop No. 4, Abhishek Complex, Opp Sahyog Society, Sayan-Olpad Main Road, Sayan, Gujarat - 394130",https://goo.gl/maps/mw9RvURoniCbwgBk7 ,9
48,SARTHANA, SURAT,7859879727,https://www.facebook.com/Ajays-Sarthana-Jakat-Naka-100762065460639,"Shop No G-10, Avadh Viceroy, Beside DMART, Sarthana Jakat Naka, Varachha-Kamrej Road, Surat, Gujarat - 395006",https://goo.gl/maps/YtXNKukWgJ9DHz5Z6,9
49,SHIVAJI CHOWK, NAVSARI,9624863863,https://www.facebook.com/Ajays-Shivaji-Chowk-Navsari-101362268770992,"Shop No. 2, Shree Laxmi Shopping Centre, Shivaji Chowk, Vijalpore, Navsari, Gujarat 396445",https://g.page/ajaysshivajichowk?share,10
50,MAJURA GATE, SURAT,7861012836,https://www.facebook.com/Ajays-Majura-Gate-Surat-108054421423907,"Shop No 3, Himani Society, Near ITC Building, Majura Gate, Surat - 395002",https://g.page/ajaysmajuragate?share,8
51,SHRAVAN CHOKDI, BHARUCH,9974274281,https://www.facebook.com/Ajays-Shravan-Chokdi-Bharuch-101933965414448,"Shop No. 9, Ganesh Icon, Link Road, Shravan Chokdi, Bharuch, Gujarat 392001",https://goo.gl/maps/DHFuXjsvVJ24Kodq8,10
52,GADKHOL PATIYA, ANKLESHWAR,7557208888,https://www.facebook.com/AjaysGadkholPatiya,"Shop No. 15, Meghna Empire, Gadkhol Patiya, Tal- Ankleshwar, Dist- Bharuch 393001",https://goo.gl/maps/Q25hXK3LGT8fgMsr7,12
53,CHHIRI, VAPI,9727222639,https://www.facebook.com/Ajays-Chhiri-Vapi-111106354554591,"Shop No-2, Prithviraj Complex, Opp. Muskan Cinema, Koparli Road, Chhiri Vapi - 396191",https://goo.gl/maps/NMYySPAENepfs2gL6,10
54,RAMNAGAR, SURAT,7863890241,https://www.facebook.com/ajaysramnagar,"Shop no - 95, Ramnagar Char Rasta, Nr. Prakash Bakery, Rander Road, Surat 395005",https://g.page/AjaysRamnagar?share,12
55,UDHNA DARWAJA, SURAT,8733004393,https://www.facebook.com/Ajays-Udhna-Darwaja-105101801844010,"Shop No-2, Hira Building, Ring Road, Udhana Darwaja, Near Sagrampura, Surat - 395002",https://goo.gl/maps/BjFB1ZYgKGiLb8gH6,10
56,ATLANTA SHOPPERS, VESU,9023148440,https://www.facebook.com/Ajays-Atlanta-Shoppers-Vesu-101897375513871,"Shop No. 56, Atlanta Shoppers, Near Reliance Mall Behind J H Ambani School, Vesu, Surat- 395007",https://goo.gl/maps/b4mUMUacMHGUBsx77,9
57,BARODA DAIRY CIRCLE, VADODARA,7203839878,https://www.facebook.com/Ajays-Baroda-Dairy-Circle-Baroda-104195361956657,"Shop No. 3, Shailraj Complex, Opposite Baroda Dairy, Makarpura Road, Vadodara, Gujarat 390009",https://goo.gl/maps/Hkfq4jjAQYcfXjzGA,8
58,GARDEN CITY, ANKLESHWAR,7984767776,https://www.facebook.com/Ajays-Garden-City-Ankleshwar-110236644681598,"Shop No. 9, Gardencity, Opposite PP Savani School, Ankleshwar, Gujarat 393001",https://goo.gl/maps/Y513BAQSJb54vMNv9,9
59,GANDHIWADI, UMARGAM,8511431331,https://www.facebook.com/Ajays-Gandhiwadi-Umargam-102747352088512,"Shop No. 6A, Vallabh Heights, Opp Bella Residency, Railway Station Rd, Gandhiwadi, Umargam, Gujarat 396170",https://goo.gl/maps/1NjhDdPAuuBpqvMMA,10
60,TULSIDHAM CIRCLE, VADODARA,8758757357,https://www.facebook.com/Ajays-Tulsidham-Circle-Baroda-710497866395911,"Shop No. 1, Rutukalash Complex, Tulsidham Char Rasta, Manjalpur, Vadodara 390011",https://goo.gl/maps/YqTuTE6brVMEzGHJ8,10
61,SUBHANPURA, VADODARA,6353534845,https://www.facebook.com/Ajays-Subhanpura-Baroda-106541595052679,"Shop No. 3, Silver Apartment, Opp Pujer Complex, Subhanpura, Vadodara, Gujarat 390023",https://goo.gl/maps/ajM1FJYtj3xqF1Ns7,12
62,NIZAMPURA, VADODARA,8799002055,https://www.facebook.com/Ajays-Nizampura-Baroda-110023708035276,"Shop No. 2, Fortune Global, Opp Ghelani Petrol Pump, Nizampura Main Road, Nizampura, Vadodara, Gujarat 390024",https://goo.gl/maps/95aXuvj8BDJ229U99,12
63,BHESTAN, SURAT,8799530975,https://www.facebook.com/Ajays-Bhestan-Surat-153432943508099/,"Shop No 1/2, 2, Bhestan-Jiav Rd, Someshwar Nagar - 1, Bhestan, Surat, Gujarat 395023",https://goo.gl/maps/AYeEbsWNT47HPzWQ8,8
64,TATA SCHOOL, NVS,6353534846,https://www.facebook.com/Ajays-Tata-School-Navsari-102700275452061,"Shop No. 4, Akashganga Apartment, Opp. Tata School, Navsari, Gujarat - 396445",https://goo.gl/maps/VjDQqbJRZ9MSGGn69,10
65,AMROLI, SURAT,9978697863,https://www.facebook.com/Ajays-Amroli-Surat-153278576852954,"Shop No. 31, Samarth Park, Near Amroli Char Rasta, Amroli, Surat, Gujarat - 394 107.",https://goo.gl/maps/6JK6uobJzuCwQahCA,11
66,PARDI KANDE, SURAT,8153964048,https://www.facebook.com/AjaysPardiKandeSachin/,"Shop No. G2, Goga Maharaj Complex, Surat Navsari Road, Opp Yogeshwar Park, Pardi Kande, Sachin, Surat, 394230",https://goo.gl/maps/iNagBVNMGubojYWn9,8
67,FATEHGUNJ,VADODARA,9875061329,https://www.facebook.com/AjaysFatehgunjBaroda/,"Shop No.16, Mangal Kirti Apartment, Opp. Fatehgunj Petrol Pump, Fatehgunj, Vadodara, Gujarat 390002",https://goo.gl/maps/j9AhC98JjzMMaeji9,10
68,CHALTHAN, SURAT,9924700513,https://www.facebook.com/AjaysChalthan/,"Shop No. 10, A-1, Shanti Sadan Apartment, Opp.Tekarawala School, Palanpur Patiya, Surat - 395009",https://goo.gl/maps/LX783SmimrN5k2cr7,9
69,PALANPUR PATIA, ADAJAN,9979512121,https://www.facebook.com/AjaysPalanpurPatia/,"Shop No. A3, Silicon Avenue, Near Bank of Baroda, Chalthan, Surat - 394305",https://maps.app.goo.gl/Mmmw1T4MrvXx35qW9,8
70,GOTRI,VADODARA,9173304084,https://www.facebook.com/AjaysGotriBaroda/,"Shop No 17, Darshanam Arise, Opp Osia Mall, Gotri - Sevasi Road, Gotri, Vadodara, Gujarat 391101",https://goo.gl/maps/tTxAkC6Hhqz7eLap7,10
71,A V ROAD, ANAND,7984055589,https://www.facebook.com/AjaysAVRoadAnand/,"Â Shop No. G-7,Â VimawalaÂ Arcade, Opp.H.P Petrol Pump, Near Big Bazar, A.V Road, Anand, Gujarat 388001",https://goo.gl/maps/AnuMxJsFWkMByvsn6,9
72,DUNGRI,DUNGRI,9875205506,https://www.facebook.com/AjaysDungri/,"Shop No - 4, Matruchhaya, Dungri Road, Opp. Sarvajanik High School, Dungri, Gujarat 396375",https://goo.gl/maps/oa8z2iZxhTjZXw236,9
73,VIP ROAD, KARELIBAUG,9033839333,https://www.facebook.com/AjaysKarelibagh/,"Shop No. 13, Veer Nagar,  Near Urjita Hospital, VIP main Road, Karelibaug, Vadodara, Gujarat 390018",https://goo.gl/maps/Me1vAUg8CFtq7vuB6,9
74,MOSALI,VADODARA,8780014002,https://www.facebook.com/AjaysMosaliSurat,"Shop no - 1483/ 2, Mosali Char Rasta, At. Post. Mosali, Tal, Mota Miya Mangrol, Gujarat 394421",https://goo.gl/maps/op6C3ufd7XArzky68,11
75,PARIVAR CHAR RASTA,VADODARA,7383871669,https://www.facebook.com/AjaysParivarCharRastaBaroda/,"Shop No.G-5, Divya Ashish Complex, Parivar Char Rasta, Waghodiya - Dabhoi Ring Road, Vadodara - 390025",https://goo.gl/maps/L5uQcMJYzih2spNc7,9
76,JETALPUR ROAD, ALKAPURI,8780771833,https://www.facebook.com/AjaysJetalpurRoad/,"Shop No. E2, Kashi Vishweshwar Township Complex, Jetalpur Road, Alkapuri, Vadodara 390007",https://goo.gl/maps/qNetp223c3Z5FH6p7,11
77,BABEN,BARDOLI,9825454853,https://www.facebook.com/AjaysBabenBardoli/,"Shop No. 47, Suken Residency, Baben, Bardoli, Gujarat 394601Z",https://goo.gl/maps/9TC3LuvVZ2CE384z5,11
78,HARINAGAR, VADODARA,7778966549,https://www.facebook.com/AjaysHarinagarVadodara,"Shop No. B/48, Sanket Park, Opp Isckon Temple, Harinagar, Vadodara 390021",https://goo.gl/maps/77mwTXhfoNpoLGX56,9
79,HANSOT ROAD, ANKLESHWAR,9328814298,https://www.facebook.com/AjaysHansotRoadAnkleshwar/,"Shop No. G-3, Tulsi Square, Hansot Road, Ankleshwar, Gujarat 393001",https://goo.gl/maps/F4goRmqyWkSMEyDX6,10
80,CHHANI JAKATNAKA, VADODARA,9634529369,https://www.facebook.com/AjaysChhaniJakatNaka/,"Shop No. GF-18, Fortune Gateway, Opp. Chhani Jakatnaka, Vadodara,Gujarat 391740",https://goo.gl/maps/e1eEx36WMskkzGjd9,12
81,BODELI,BODELI,8140211606,https://www.facebook.com/AjaysBodeli/,"Shop no. 1, DK Shopping Centre Beside Bank of Baroda, Dabhoi Road, Alipura, Bodeli, Gujarat 391135",https://goo.gl/maps/xdcwseeMVao4fwKD8,12
82,PIPLOD, SURAT,8401446385,https://www.facebook.com/AjaysPiplod/,"Shop no. 5, Vaishnodevi Co. Operative. Society,  Near Vijay Sales, Kargil Chowk, Piplod, Surat - 395007",https://goo.gl/maps/hQg7qH9sXBt2jEc29,10
83,SANGAM CHAR RASTA, VADODARA,9265296849,https://www.facebook.com/AjaysSangamCharRasta/,"Shop No.13, Lal Bahadur Shastri Shopping Centre, Sangam Char Rasta, Karelibagh, Vadodara, Gujarat 390022",https://goo.gl/maps/4Gztwj9yysvhCri39,8
84,UMA CHAR RASTA, VADODARA,9313930981,https://www.facebook.com/AjaysUmaCharRasta/,"Shop No. 6,  Patliputra Complex, Near Uma Char Rasta, Waghodiya, Vadodara 390019",https://goo.gl/maps/SNZzNqmRhtjo3kcr9,8
85,DR WORLD, SURAT,9104266122,https://www.facebook.com/ajaysdrworld,"Shop No. 12, Swagat Complex, Aai Mata Road, Opp. DR World, Parvat Patiya, Surat, Gujarat 395101",https://g.page/AjaysDRworld?share,11
86,TARSALI, VADODARA,9723998073,https://www.facebook.com/AjaysTarsali/,"Shop No. GF15, Nityanand Appartment, Tarsali Susen Circle Road, Tarsali, Vadodara, Gujarat 390009",https://goo.gl/maps/SAPbny6xr3QyAkXNA,11
87,KHODIYAR NAGAR, VADODARA,9408734514,https://www.facebook.com/AjaysKhodiyarNagar/,"Shop No. G8, Narayan Resicom, Near Vaikunth Society, New VIP Road, Khodiyar Nagar, Vadodara, Gujarat 390018",https://goo.gl/maps/tsg3Neu8iw9NGj9a6,8
88,PADRA, VADODARA,7016490292,https://www.facebook.com/AjaysPadraBaroda/,"Shop No. 1A/1485/2, Opp Padra New ST bus Stop, Padra, Vadodara -391440",https://goo.gl/maps/AWc8U5M5fPK9Wj7e9,12
89,VASNA ROAD, VADODARA,8401528018,https://www.facebook.com/Ajays-Vasna-Road-Baroda-105445825388664,"Shop No. 2, Surya Darshan Complex, Near Aditya Complex, Vasna, Vadodara - 390007",https://maps.app.goo.gl/v3Ru56jvz5y23bDfA,11
90,AJWA, VADODARA,9327262809,https://www.facebook.com/AjaysAjwa/,"Shop No.01, Divya Plaza Complex, Near Kamla Nagar, Ajwa Road, Vadodara - 390019",https://goo.gl/maps/ULnukapynM4YUq1D6,10
91,DINDOLI, SURAT,9104288707,https://www.facebook.com/AjaysDindoli,"Shop No.07, Prayosha Star, Dindoli - Kharvasa Road, Dindoli, Surat 394210",https://goo.gl/maps/iieS4Z2DHhHQp31D7,9
92,PAL, SURAT,7575050404,https://www.facebook.com/AjaysPalAdajan/,"Shop No.G/20 Raj Arcade, Pal Gam Circle Pal Gam, Adajan, Surat, Gujarat 395009",https://goo.gl/maps/gU1Q9sG55wgP4chD9,9
93,RAOPURA, VADODARA,9104386021,https://www.facebook.com/AjaysRaopura/,"Ground floor, Opp. Suryanarayanbaug, Near GPO, Raopura Road,  Raopura -390001",https://goo.gl/maps/noPrSaZ8L5yJgVzQ9,10
94,ABHILASHA CHAR RASTA, VADODARA,9499706067,https://www.facebook.com/AjaysAbhilashaCharRasta/,"Shop No.21-Gyankunj Society Vibhag-2, N/R Abhilasha Char Rasta, New Sama Road, Vadodara 390008",https://goo.gl/maps/1wpkNNmFCQa5MYjV9,11
95,VALIA, BHARUCH,9327110688,https://business.facebook.com/AjaysValiaBharuch/,"Shop No.1, Beside Valia Bus Depot Main Bazaar, Ankleshwar - Valia Rd, Valia, Gujarat 393135",https://goo.gl/maps/oGsDAK6ZVRhxydfm8,12
96,RANKUVA,Rankuva,7574892022,https://business.facebook.com/AjaysRankuvaNavsari/,"Shop No.5, Surbhi Shopping Center, Kharel - Tankal Road, Rankuva, Gujarat 396560",https://goo.gl/maps/d4JeTaBaWqxtUP3n8,8
97,RAJPIPLA,Rajpipla,9016727007,https://business.facebook.com/AjaysRajpiplaNarmada/,"Shop - 01, M.V Road, Santosh Chokdi, Opposite to Bank of Maharastra, Rajendra Nagar Society, Rajpipla, Gujarat 393145",https://goo.gl/maps/dvgFE6drzQqJNaAC6,9
98,AKOTA, VADODARA,8140806999,https://business.facebook.com/AjaysAkotaVadodara/,"Shop No - 1, Sangrila Complex Opposite HDFC Bank Near Radha Krishn Char Rasta, Akota, Vadodara, Gujarat 390020",https://goo.gl/maps/ii7CUrwdPAvwVqfp6,9
99,SOMNATH DAMAN,Nani Daman,7567755572,https://facebook.com/AjaysSomnathDaman/,"Shop No 1, Shidhvan Bhavan, Next to D Mart, Kalaria Circle, Somnath, Nani Daman - 396210",https://goo.gl/maps/MBLFrbefZsogokps6,8
100,KARJAN, VADODARA,8866958455,https://facebook.com/AjaysKarjanVadodara/,"Shop No - 2, Tower A, Gurumurti Complex, Near Sahjanand Bank, Nava Bazar, Karjan, Vadodara Gujarat - 391240",https://goo.gl/maps/kZ4866qw8jSu82JS7,11
101,GANDEVI, Gandevi,8320991108,https://www.facebook.com/AjaysGandeviNavsari/,"Shop No 12, Atmiya Complex, Opp. Mamlatdar Office, Gandevi - 396360",https://goo.gl/maps/LiFLfxWTxASZFvsx6,10
102,SAYAJIGUNJ, VADODARA,9313930952,https://www.facebook.com/AjaysSayajigunjVadodara/,"Badshah Building, Station Road, Near Dairy Den Circle, Sayajigunj, Vadodara - 390020",https://goo.gl/maps/NQyQomWBFgpXHBfk8,12
103,DABHOI, VADODARA,8799560027,https://www.facebook.com/AjaysDabhoiVadodara/,"Shop - 1 , Akshar Gold Complex, Dabhoi, Vadodra, Gujrat, 391110",https://goo.gl/maps/fJHT3rxbuK7ZyFX37,11
104,FATEHPURA, VADODARA,9409392120,https://www.facebook.com/AjaysFatehpuraVadodara/,"Shop No-2, Vrajdham Avenue, Koyli Faliya Naka Hathikhana Main Rd, Fatehpura, Mandvi Vadodara, Gujarat 390006",https://goo.gl/maps/GzqqN53kqj5hPrSS7,12
105,GORWA, VADODARA,9265989471,https://business.facebook.com/AjaysGorwaVadodara/,"Shop No-17, Siddharth Complex, Gujarat Refinery Road, Panchvati, Gorwa, Vadodara, Gujarat 390016",https://goo.gl/maps/qfboxxgNtNCf74hh8,10
106,KIRTI STAMBH, VADODARA,9099704007,https://www.facebook.com/AjaysKirtiStambhVadodara/,"Shop No - GF 2, Prathamesh Plaza, Palace Road, Near Kirti Stambh, Mahavir Colony, Kevdabaug, Vadodara, Gujarat 390001",https://goo.gl/maps/erFBYW4aCLtKGuzt7,8
107,MANEJA CROSSING, VADODARA,8511188915,https://www.facebook.com/AjaysManejaCrossingVadodara/,"Shop No - 3, Aatmiya Heights, Maneja Crossing Makarpura Main Road Vadodara 390013",https://goo.gl/maps/YYiwzyvpAjwrD1GH6,10
108,BAKROL, ANAND,9879421604,https://www.facebook.com/AjaysBakrolAnand/,"Shop No - G-39, Bakrol Square, Bakrol - Vadtal Road, Beside Vaibhav Cinema, Purushottam Nagar, Anand, Gujarat 388315",https://goo.gl/maps/dwN17C94Wp8xEA6Q9,11
109,CHOKHANDI, VADODARA,9173804846,https://www.facebook.com/AjaysChokhandiVadodara,"Shop No.749, Jasud Maholla, Chokhandi Main Road, Chokhandi, Vadodara, Gujarat 390017",https://maps.app.goo.gl/7P5PPWrJ9mCXJgka8,9
110,MOTA BAZAAR, VIDHYANAGAR-ANAND,7859967546,https://www.facebook.com/AjaysMotaBazaarVidyanagarAnand/,"Ground floor, Mota Bazaar, Opposite Ajay Book Stall, Vallabh Vidhyanagar Road, Anand, Gujarat - 388120",https://goo.gl/maps/b2zKhpG4tkLGN5kFA,11
111,BORSAD, ANAND,8160983783,https://www.facebook.com/AjaysBorsadAnand/,"Shop No. GF 2, Shiv Icon, Anand Chowkdi, opp. Swaminarayan Temple, Kesav Nagar, Ramnath Society, Borsad, Gujarat 385540",https://goo.gl/maps/Da1dPxkww9z9YSDYA,8
